<application>
  <component name="FileTypeManager" version="17">
    <extensionMap>
      <mapping ext="webp" type="Image" />
      <mapping ext="main.kts" type="Kotlin" />
      <mapping ext="gradle.kts" type="Kotlin" />
      <mapping ext="pag" type="Native" />
      <mapping pattern="ash" type="PLAIN_TEXT" />
      <mapping ext="ogg" type="PLAIN_TEXT" />
      <mapping ext="armeabi" type="PLAIN_TEXT" />
      <mapping ext="default" type="PLAIN_TEXT" />
      <mapping ext="conf" type="PLAIN_TEXT" />
      <mapping ext="others" type="PLAIN_TEXT" />
      <mapping pattern="t_mac_info" type="SQL" />
      <mapping pattern=".gitignore_global" type="Git file" />
    </extensionMap>
  </component>
</application>