<application>
  <component name="ProjectManager">
    <defaultProject>
      <component name="CompilerConfiguration">
        <wildcardResourcePatterns>
          <entry name="!?*.java" />
          <entry name="!?*.form" />
          <entry name="!?*.class" />
          <entry name="!?*.groovy" />
          <entry name="!?*.scala" />
          <entry name="!?*.flex" />
          <entry name="!?*.kt" />
          <entry name="!?*.clj" />
        </wildcardResourcePatterns>
        <bytecodeTargetLevel target="1.7" />
      </component>
      <component name="Encoding">
        <file url="PROJECT" charset="UTF-8" />
      </component>
      <component name="GradleLocalSettings">
        <option name="projectSyncType">
          <map>
            <entry key="/Volumes/Document/Documents/mnaapp/mna-app" value="PREVIEW" />
            <entry key="/Volumes/Document/Documents/mnaapp/mna-application" value="PREVIEW" />
            <entry key="/Volumes/Document/Documents/mnaapp/moc_mnaapp_proj/trunk/MnaApp" value="PREVIEW" />
            <entry key="/Volumes/Document/Documents/mnaapp/svn-git-test" value="PREVIEW" />
            <entry key="/Volumes/Document/Documents/temp/1/mna-application" value="PREVIEW" />
          </map>
        </option>
      </component>
      <component name="MavenImportPreferences">
        <option name="generalSettings">
          <MavenGeneralSettings>
            <option name="mavenHome" value="Bundled (Maven 3)" />
          </MavenGeneralSettings>
        </option>
      </component>
      <component name="ProjectDictionaryState">
        <dictionary name="zixie" />
      </component>
      <component name="ProjectInspectionProfilesVisibleTreeState">
        <entry key="Project Default">
          <profile-state>
            <expanded-state>
              <State>
                <id />
              </State>
              <State>
                <id>Android</id>
              </State>
              <State>
                <id>Android &gt; Lint &gt; Correctness</id>
              </State>
              <State>
                <id>Android &gt; Lint &gt; Performance</id>
              </State>
              <State>
                <id>Java</id>
              </State>
              <State>
                <id>Java language level migration aidsJava</id>
              </State>
            </expanded-state>
            <selected-state>
              <State>
                <id>Android</id>
              </State>
            </selected-state>
          </profile-state>
        </entry>
      </component>
      <component name="ProjectRootManager" version="2" languageLevel="JDK_1_6" />
      <component name="PropertiesComponent">
        <property name="GoToClass.includeLibraries" value="false" />
        <property name="GoToClass.toSaveIncludeLibraries" value="false" />
        <property name="GoToFile.includeJavaFiles" value="false" />
        <property name="MemberChooser.copyJavadoc" value="false" />
        <property name="MemberChooser.showClasses" value="true" />
        <property name="MemberChooser.sorted" value="false" />
        <property name="android.project.structure.last.selected" value="SDK Location" />
        <property name="android.project.structure.proportion" value="0.15" />
        <property name="android.sdk.path" value="$USER_HOME$/lib/android-sdk" />
        <property name="options.lastSelected" value="reference.settingsdialog.project.gradle" />
        <property name="options.searchVisible" value="true" />
        <property name="options.splitter.details.proportions" value="0.2" />
        <property name="options.splitter.main.proportions" value="0.3" />
        <property name="recentsLimit" value="5" />
        <property name="settings.editor.selected.configurable" value="preferences.pluginManager" />
      </component>
      <component name="RunManager">
        <configuration default="true" type="AndroidRunConfigurationType" factoryName="Android Application">
          <module name="" />
          <option name="DEPLOY" value="true" />
          <option name="ARTIFACT_NAME" value="" />
          <option name="PM_INSTALL_OPTIONS" value="" />
          <option name="ACTIVITY_EXTRA_FLAGS" value="" />
          <option name="MODE" value="default_activity" />
          <option name="TARGET_SELECTION_MODE" value="EMULATOR" />
          <option name="PREFERRED_AVD" value="" />
          <option name="CLEAR_LOGCAT" value="false" />
          <option name="SHOW_LOGCAT_AUTOMATICALLY" value="true" />
          <option name="SKIP_NOOP_APK_INSTALLATIONS" value="true" />
          <option name="FORCE_STOP_RUNNING_APP" value="true" />
          <option name="DEBUGGER_TYPE" value="Java" />
          <option name="USE_LAST_SELECTED_DEVICE" value="false" />
          <option name="PREFERRED_AVD" value="" />
          <option name="SELECTED_CLOUD_MATRIX_CONFIGURATION_ID" value="0" />
          <option name="SELECTED_CLOUD_MATRIX_PROJECT_ID" value="" />
          <Native>
            <option name="WORKING_DIR" value="" />
            <option name="TARGET_LOGGING_CHANNELS" value="lldb process:gdb-remote packets" />
          </Native>
          <Java />
          <Hybrid>
            <option name="WORKING_DIR" value="" />
            <option name="TARGET_LOGGING_CHANNELS" value="lldb process:gdb-remote packets" />
          </Hybrid>
          <Profilers>
            <option name="GAPID_DISABLE_PCS" value="false" />
          </Profilers>
          <option name="DEEP_LINK" value="" />
          <option name="ACTIVITY_CLASS" value="" />
          <method />
        </configuration>
        <configuration default="true" type="AndroidTestRunConfigurationType" factoryName="Android Tests">
          <module name="" />
          <option name="TESTING_TYPE" value="0" />
          <option name="INSTRUMENTATION_RUNNER_CLASS" value="" />
          <option name="METHOD_NAME" value="" />
          <option name="CLASS_NAME" value="" />
          <option name="PACKAGE_NAME" value="" />
          <option name="EXTRA_OPTIONS" value="" />
          <option name="TARGET_SELECTION_MODE" value="EMULATOR" />
          <option name="PREFERRED_AVD" value="" />
          <option name="CLEAR_LOGCAT" value="false" />
          <option name="SHOW_LOGCAT_AUTOMATICALLY" value="true" />
          <option name="SKIP_NOOP_APK_INSTALLATIONS" value="true" />
          <option name="FORCE_STOP_RUNNING_APP" value="true" />
          <option name="DEBUGGER_TYPE" value="Java" />
          <option name="USE_LAST_SELECTED_DEVICE" value="false" />
          <option name="PREFERRED_AVD" value="" />
          <option name="SELECTED_CLOUD_MATRIX_CONFIGURATION_ID" value="0" />
          <option name="SELECTED_CLOUD_MATRIX_PROJECT_ID" value="" />
          <Native>
            <option name="WORKING_DIR" value="" />
            <option name="TARGET_LOGGING_CHANNELS" value="lldb process:gdb-remote packets" />
          </Native>
          <Java />
          <Hybrid>
            <option name="WORKING_DIR" value="" />
            <option name="TARGET_LOGGING_CHANNELS" value="lldb process:gdb-remote packets" />
          </Hybrid>
          <Profilers>
            <option name="GAPID_DISABLE_PCS" value="false" />
          </Profilers>
          <method />
        </configuration>
        <configuration name="&lt;template&gt;" type="Applet" default="true" selected="false">
          <option name="MAIN_CLASS_NAME" />
          <option name="HTML_FILE_NAME" />
          <option name="HTML_USED" value="false" />
          <option name="WIDTH" value="400" />
          <option name="HEIGHT" value="300" />
          <option name="POLICY_FILE" value="$APPLICATION_HOME_DIR$/bin/appletviewer.policy" />
          <option name="VM_PARAMETERS" />
        </configuration>
        <configuration default="true" type="JUnit" factoryName="JUnit">
          <extension name="coverage" enabled="false" merge="false" sample_coverage="true" runner="idea" />
          <module name="" />
          <option name="ALTERNATIVE_JRE_PATH_ENABLED" value="false" />
          <option name="ALTERNATIVE_JRE_PATH" />
          <option name="PACKAGE_NAME" />
          <option name="MAIN_CLASS_NAME" />
          <option name="METHOD_NAME" />
          <option name="TEST_OBJECT" value="class" />
          <option name="VM_PARAMETERS" value="-ea" />
          <option name="PARAMETERS" />
          <option name="WORKING_DIRECTORY" value="$PROJECT_DIR$" />
          <option name="ENV_VARIABLES" />
          <option name="PASS_PARENT_ENVS" value="true" />
          <option name="TEST_SEARCH_SCOPE">
            <value defaultName="moduleWithDependencies" />
          </option>
          <envs />
          <patterns />
          <method />
        </configuration>
        <configuration name="&lt;template&gt;" type="WebApp" default="true" selected="false">
          <Host>localhost</Host>
          <Port>5050</Port>
        </configuration>
        <configuration name="&lt;template&gt;" type="#org.jetbrains.idea.devkit.run.PluginConfigurationType" default="true" selected="false">
          <option name="VM_PARAMETERS" value="-Xmx512m -Xms256m -XX:MaxPermSize=250m -ea" />
        </configuration>
        <configuration default="true" type="Application" factoryName="Application">
          <option name="WORKING_DIRECTORY" value="$PROJECT_DIR$" />
          <method v="2">
            <option name="Make" enabled="true" />
          </method>
        </configuration>
        <configuration default="true" type="TestNG">
          <option name="TEST_OBJECT" value="CLASS" />
          <option name="WORKING_DIRECTORY" value="$PROJECT_DIR$" />
          <option name="TEST_SEARCH_SCOPE">
            <value defaultName="moduleWithDependencies" />
          </option>
          <properties />
          <listeners />
          <method v="2">
            <option name="Make" enabled="true" />
          </method>
        </configuration>
      </component>
      <component name="SvnConfiguration">
        <configuration>$USER_HOME$/.subversion</configuration>
      </component>
      <component name="masterDetails">
        <states>
          <state key="ProjectJDKs.UI">
            <settings>
              <last-edited>1.6</last-edited>
              <splitter-proportions>
                <option name="proportions">
                  <list>
                    <option value="0.2" />
                  </list>
                </option>
              </splitter-proportions>
            </settings>
          </state>
        </states>
      </component>
    </defaultProject>
  </component>
</application>