<application>
  <component name="DependencyUISettings">
    <option name="UI_FLATTEN_PACKAGES" value="false" />
  </component>
  <component name="UISettings">
    <option name="EDITOR_AA_TYPE" value="Greyscale" />
    <option name="IDE_AA_TYPE" value="Greyscale" />
    <option name="MAX_LOOKUP_LIST_HEIGHT" value="12" />
    <option name="MAX_LOOKUP_WIDTH2" value="1232" />
    <option name="OVERRIDE_NONIDEA_LAF_FONTS" value="true" />
    <option name="SHOW_MAIN_TOOLBAR" value="true" />
  </component>
</application>